fitness, championships
0.99175, 1
0.9873, 0
0.8929, 2
0.98745, 5
0.99385, 8
0.9547, 14
0.98215, 2
0.9919, 3
0.9268, 1
0.994, 8
0.9938, 11
0.93825, 4
0.921, 5
0.99195, 7
0.99295, 11
0.99385, 14
0.99305, 1
0.9245, 0
0.9237, 3
0.98575, 7
0.9844, 11
0.99575, 7
0.8739, 0
0.96235, 1
0.9477, 1
0.99365, 0
0.9908, 1
0.98205, 3
0.93985, 7
0.991, 0
0.91435, 1
0.96095, 0
0.98005, 5
0.9039, 0
0.9625, 0
0.9294, 2
0.929, 2
0.94525, 0
0.9853, 0
0.9062, 3
0.95765, 5
0.9571, 0
0.978, 1
0.99415, 18
0.98055, 1
0.98645, 1
0.9854, 8
0.99215, 0
0.98, 4
0.988, 1
0.9676, 1
0.9123, 0
0.88695, 0
0.93785, 4
0.91335, 0
0.99035, 0
0.88805, 0
0.98885, 15
0.8995, 1
0.9214, 0
0.8929, 0
0.99035, 6
0.9889, 3
0.93745, 0
0.99255, 8
0.99375, 3
0.88615, 1
0.98305, 1
0.98195, 2
0.96805, 2
0.9908, 2
0.9513, 2
0.9968, 2
0.97065, 2
0.92835, 4
0.9548, 1
0.9933, 9
0.9854, 16
0.8639, 0
0.9895, 11
0.99035, 1
0.91175, 7
0.9868, 0
0.9146, 0
0.99515, 20
