fitness, championships
0.90245, 2
0.96045, 0
0.90885, 4
0.894, 1
0.97765, 2
0.975, 2
0.99325, 5
0.98875, 3
0.94075, 0
0.9291, 0
0.987, 8
0.9903, 2
0.90395, 0
0.98835, 2
0.9921, 0
0.9645, 2
0.9864, 5
0.8915, 0
0.98565, 0
0.95305, 4
0.9132, 4
0.9229, 0
0.982, 2
0.94655, 3
0.9903, 6
0.9665, 5
0.9155, 0
0.9024, 1
0.97135, 0
0.98685, 0
0.99195, 5
0.9906, 2
0.99035, 0
0.98475, 0
0.9323, 7
0.9861, 2
0.94925, 4
0.9475, 7
0.9832, 6
0.9928, 1
0.98925, 13
0.9154, 0
0.96645, 2
0.9908, 24
0.9915, 5
0.9374, 2
0.98655, 0
0.97095, 4
0.9242, 2
0.93375, 7
0.936, 1
0.9851, 1
0.9874, 14
0.99085, 0
0.9894, 6
0.9545, 0
0.9618, 0
0.97265, 2
0.99265, 10
0.9103, 0
0.9933, 4
0.9838, 6
0.8887, 0
0.98445, 0
0.99125, 3
0.9603, 0
0.9921, 3
0.9927, 11
0.9782, 6
0.9814, 0
0.98815, 2
0.9878, 3
0.89475, 4
0.94095, 5
0.9345, 2
0.9896, 0
0.99115, 1
0.98905, 24
0.9312, 0
0.9589, 0
0.9583, 2
0.93395, 2
0.9939, 0
0.9796, 4
0.9894, 5
0.90795, 2
0.9543, 0
0.9876, 11
0.9758, 4
0.974, 11
0.98075, 2
0.8953, 0
0.91985, 0
0.99235, 2
0.9844, 2
0.99375, 15
0.944, 1
0.9541, 1
0.93395, 0
0.97595, 1
0.9892, 9
0.9884, 0
0.92615, 0
0.99375, 1
0.96555, 3
0.98945, 5
0.92045, 2
0.98575, 0
0.99125, 16
0.9234, 1
0.99255, 9
0.90675, 2
0.9188, 8
0.9224, 2
0.99345, 5
0.99095, 28
0.96865, 1
0.9868, 0
0.948, 2
0.9654, 0
0.99255, 9
0.97745, 3
0.98795, 4
0.9697, 7
0.98425, 7
0.98725, 10
0.98235, 3
0.9835, 1
0.9035, 4
0.99165, 2
0.98335, 3
0.9947, 10
0.8981, 0
0.9488, 1
0.9351, 0
0.9112, 1
0.92, 3
0.99035, 0
0.95965, 0
0.9156, 1
0.985, 2
0.97165, 0
0.9924, 40

